date,confirmed,deaths,recovered,confirmed_diff,deaths_diff,recovered_diff,last_update,active,active_diff,fatality_rate,iso
2023-03-09,209451,7896,0,0,0,0,2023-03-10 04:21:03,201555,0,0.0377,AFG
2023-03-09,334457,3598,0,14,0,0,2023-03-10 04:21:03,330859,14,0.0108,ALB
2023-03-09,271496,6881,0,2,0,0,2023-03-10 04:21:03,264615,2,0.0253,DZA
2023-03-09,47890,165,0,0,0,0,2023-03-10 04:21:03,47725,0,0.0034,AND
2023-03-09,105288,1933,0,0,0,0,2023-03-10 04:21:03,103355,0,0.0184,AGO
2023-03-09,9106,146,0,0,0,0,2023-03-10 04:21:03,8960,0,0.016,ATG
2023-03-09,10044957,130472,0,0,0,0,2023-03-10 04:21:03,9914485,0,0.013,ARG
2023-03-09,447308,8727,0,0,0,0,2023-03-10 04:21:03,438581,0,0.0195,ARM
2023-03-09,232974,228,0,355,0,0,2023-03-10 04:21:03,232746,355,0.001,AUS
2023-03-09,3915992,6529,0,7863,36,0,2023-03-10 04:21:03,3909463,7827,0.0017,AUS
2023-03-09,105111,91,0,90,1,0,2023-03-10 04:21:03,105020,89,0.0009,AUS
2023-03-09,1800236,2783,0,0,0,0,2023-03-10 04:21:03,1797453,0,0.0015,AUS
2023-03-09,883620,1365,0,1709,43,0,2023-03-10 04:21:03,882255,1666,0.0015,AUS
2023-03-09,287507,256,0,610,3,0,2023-03-10 04:21:03,287251,607,0.0009,AUS
2023-03-09,2880559,7370,0,3299,32,0,2023-03-10 04:21:03,2873189,3267,0.0026,AUS
2023-03-09,1293461,952,0,0,0,0,2023-03-10 04:21:03,1292509,0,0.0007,AUS
2023-03-09,5961143,21970,0,5283,21,0,2023-03-10 04:21:03,5939173,5262,0.0037,AUT
2023-03-09,828825,10138,0,6,0,0,2023-03-10 04:21:03,818687,6,0.0122,AZE
2023-03-09,37491,833,0,0,0,0,2023-03-10 04:21:03,36658,0,0.0222,BHS
2023-03-09,710693,1553,0,387,0,0,2023-03-10 04:21:03,709140,387,0.0022,BHR
2023-03-09,2037871,29445,0,0,0,0,2023-03-10 04:21:03,2008426,0,0.0144,BGD
2023-03-09,106798,579,0,153,4,0,2023-03-10 04:21:03,106219,149,0.0054,BRB
2023-03-09,994037,7118,0,0,0,0,2023-03-10 04:21:03,986919,0,0.0072,BLR
2023-03-09,766206,0,0,1935,0,0,2023-03-10 04:21:03,766206,1935,0.0,BEL
2023-03-09,505467,0,0,544,0,0,2023-03-10 04:21:03,505467,544,0.0,BEL
2023-03-09,645338,0,0,2250,0,0,2023-03-10 04:21:03,645338,2250,0.0,BEL
2023-03-09,464722,0,0,1252,0,0,2023-03-10 04:21:03,464722,1252,0.0,BEL
2023-03-09,519111,0,0,864,0,0,2023-03-10 04:21:03,519111,864,0.0,BEL
2023-03-09,419029,0,0,685,0,0,2023-03-10 04:21:03,419029,685,0.0,BEL
2023-03-09,351474,0,0,1087,0,0,2023-03-10 04:21:03,351474,1087,0.0,BEL
2023-03-09,122942,0,0,185,0,0,2023-03-10 04:21:03,122942,185,0.0,BEL
2023-03-09,202905,0,0,387,0,0,2023-03-10 04:21:03,202905,387,0.0,BEL
2023-03-09,63364,33814,0,90,39,0,2023-03-10 04:21:03,29550,51,0.5336,BEL
2023-03-09,173827,0,0,242,0,0,2023-03-10 04:21:03,173827,242,0.0,BEL
2023-03-09,504980,0,0,2049,0,0,2023-03-10 04:21:03,504980,2049,0.0,BEL
2023-03-09,70757,688,0,0,0,0,2023-03-10 04:21:03,70069,0,0.0097,BLZ
2023-03-09,27999,163,0,0,0,0,2023-03-10 04:21:03,27836,0,0.0058,BEN
2023-03-09,62627,21,0,0,0,0,2023-03-10 04:21:03,62606,0,0.0003,BTN
2023-03-09,1194277,22365,0,90,0,0,2023-03-10 04:21:03,1171912,90,0.0187,BOL
2023-03-09,401729,16280,0,0,0,0,2023-03-10 04:21:03,385449,0,0.0405,BIH
2023-03-09,329758,2801,0,0,0,0,2023-03-10 04:21:03,326957,0,0.0085,BWA
2023-03-09,160433,2043,0,0,0,0,2023-03-10 04:21:03,158390,0,0.0127,BRA
2023-03-09,337535,7242,0,0,0,0,2023-03-10 04:21:03,330293,0,0.0215,BRA
2023-03-09,185668,2167,0,0,0,0,2023-03-10 04:21:03,183501,0,0.0117,BRA
2023-03-09,631976,14443,0,0,0,0,2023-03-10 04:21:03,617533,0,0.0229,BRA
2023-03-09,1792572,31459,0,0,0,0,2023-03-10 04:21:03,1761113,0,0.0175,BRA
2023-03-09,1453572,28157,0,0,0,0,2023-03-10 04:21:03,1425415,0,0.0194,BRA
2023-03-09,897897,11844,0,0,0,0,2023-03-10 04:21:03,886053,0,0.0132,BRA
2023-03-09,1323318,15041,0,0,0,0,2023-03-10 04:21:03,1308277,0,0.0114,BRA
2023-03-09,1898605,28036,0,0,0,0,2023-03-10 04:21:03,1870569,0,0.0148,BRA
2023-03-09,493391,11053,0,0,0,0,2023-03-10 04:21:03,482338,0,0.0224,BRA
2023-03-09,878360,15087,0,0,0,0,2023-03-10 04:21:03,863273,0,0.0172,BRA
2023-03-09,607356,11010,0,0,0,0,2023-03-10 04:21:03,596346,0,0.0181,BRA
2023-03-09,4189760,65507,0,0,0,0,2023-03-10 04:21:03,4124253,0,0.0156,BRA
2023-03-09,871612,19021,0,0,0,0,2023-03-10 04:21:03,852591,0,0.0218,BRA
2023-03-09,707743,10542,0,0,0,0,2023-03-10 04:21:03,697201,0,0.0149,BRA
2023-03-09,2918459,46018,0,0,0,0,2023-03-10 04:21:03,2872441,0,0.0158,BRA
2023-03-09,1156640,22686,0,0,0,0,2023-03-10 04:21:03,1133954,0,0.0196,BRA
2023-03-09,424866,8354,0,0,0,0,2023-03-10 04:21:03,416512,0,0.0197,BRA
2023-03-09,585935,8715,0,0,0,0,2023-03-10 04:21:03,577220,0,0.0149,BRA
2023-03-09,2961756,41919,0,0,0,0,2023-03-10 04:21:03,2919837,0,0.0142,BRA
2023-03-09,2752662,76844,0,0,0,0,2023-03-10 04:21:03,2675818,0,0.0279,BRA
2023-03-09,482910,7432,0,0,0,0,2023-03-10 04:21:03,475478,0,0.0154,BRA
2023-03-09,182485,2180,0,0,0,0,2023-03-10 04:21:03,180305,0,0.0119,BRA
2023-03-09,1985888,22703,0,0,0,0,2023-03-10 04:21:03,1963185,0,0.0114,BRA
2023-03-09,6469442,179039,0,0,0,0,2023-03-10 04:21:03,6290403,0,0.0277,BRA
2023-03-09,359674,6502,0,0,0,0,2023-03-10 04:21:03,353172,0,0.0181,BRA
2023-03-09,365538,4232,0,0,0,0,2023-03-10 04:21:03,361306,0,0.0116,BRA
2023-03-09,279661,225,0,0,0,0,2023-03-10 04:21:03,279436,0,0.0008,BRN
2023-03-09,1297523,38228,0,72,3,0,2023-03-10 04:21:03,1259295,69,0.0295,BGR
2023-03-09,22056,396,0,0,0,0,2023-03-10 04:21:03,21660,0,0.018,BFA
2023-03-09,633950,19490,0,1,0,0,2023-03-10 04:21:03,614460,1,0.0307,MMR
2023-03-09,53631,38,0,0,0,0,2023-03-10 04:21:03,53593,0,0.0007,BDI
2023-03-09,63244,413,0,0,0,0,2023-03-10 04:21:03,62831,0,0.0065,CPV
2023-03-09,138719,3056,0,0,0,0,2023-03-10 04:21:03,135663,0,0.022,KHM
2023-03-09,124392,1965,0,0,0,0,2023-03-10 04:21:03,122427,0,0.0158,CMR
2023-03-09,629269,5622,0,0,0,0,2023-03-10 04:21:03,623647,0,0.0089,CAN
2023-03-09,396817,5249,0,345,31,0,2023-03-10 04:21:03,391568,314,0.0132,CAN
2023-03-09,0,1,0,0,0,0,2020-12-21 13:27:30,-1,0,0.0,CAN
2023-03-09,13,0,0,0,0,0,2020-12-21 13:27:30,13,0,0.0,CAN
2023-03-09,154712,2464,0,0,0,0,2023-03-10 04:21:03,152248,0,0.0159,CAN
2023-03-09,88866,834,0,0,0,0,2023-03-10 04:21:03,88032,0,0.0094,CAN
2023-03-09,54757,318,0,0,0,0,2023-03-10 04:21:03,54439,0,0.0058,CAN
2023-03-09,11511,22,0,0,0,0,2023-03-10 04:21:03,11489,0,0.0019,CAN
2023-03-09,140793,794,0,0,0,0,2023-03-10 04:21:03,139999,0,0.0056,CAN
2023-03-09,3531,7,0,0,0,0,2023-03-10 04:21:03,3524,0,0.002,CAN
2023-03-09,1601325,16234,0,3250,48,0,2023-03-10 04:21:03,1585091,3202,0.0101,CAN
2023-03-09,56523,93,0,0,0,0,2023-03-10 04:21:03,56430,0,0.0016,CAN
2023-03-09,1320325,18160,0,446,7,0,2023-03-10 04:21:03,1302165,439,0.0138,CAN
2023-03-09,13,0,0,0,0,0,2023-03-10 04:21:03,13,0,0.0,CAN
2023-03-09,153651,1890,0,0,0,0,2023-03-10 04:21:03,151761,0,0.0123,CAN
2023-03-09,4989,32,0,0,0,0,2023-03-10 04:21:03,4957,0,0.0064,CAN
2023-03-09,15368,113,0,0,0,0,2023-03-10 04:21:03,15255,0,0.0074,CAF
2023-03-09,7679,194,0,0,0,0,2023-03-10 04:21:03,7485,0,0.0253,TCD
2023-03-09,183811,1961,0,168,1,0,2023-03-10 04:21:03,181850,167,0.0107,CHL
2023-03-09,293632,2922,0,184,1,0,2023-03-10 04:21:03,290710,183,0.01,CHL
2023-03-09,79718,900,0,22,0,0,2023-03-10 04:21:03,78818,22,0.0113,CHL
2023-03-09,116955,718,0,104,0,0,2023-03-10 04:21:03,116237,104,0.0061,CHL
2023-03-09,36352,222,0,22,0,0,2023-03-10 04:21:03,36130,22,0.0061,CHL
2023-03-09,510730,4824,0,305,2,0,2023-03-10 04:21:03,505906,303,0.0094,CHL
2023-03-09,211158,1951,0,133,1,0,2023-03-10 04:21:03,209207,132,0.0092,CHL
2023-03-09,243060,2577,0,161,2,0,2023-03-10 04:21:03,240483,159,0.0106,CHL
2023-03-09,148252,1411,0,113,1,0,2023-03-10 04:21:03,146841,112,0.0095,CHL
2023-03-09,67653,774,0,39,0,0,2023-03-10 04:21:03,66879,39,0.0114,CHL
2023-03-09,346804,3354,0,237,4,0,2023-03-10 04:21:03,343450,233,0.0097,CHL
2023-03-09,1967389,30869,0,1637,2,0,2023-03-10 04:21:03,1936520,1635,0.0157,CHL
2023-03-09,158355,1333,0,132,4,0,2023-03-10 04:21:03,157022,128,0.0084,CHL
2023-03-09,221916,2821,0,231,0,0,2023-03-10 04:21:03,219095,231,0.0127,CHL
2023-03-09,113542,1173,0,27,0,0,2023-03-10 04:21:03,112369,27,0.0103,CHL
2023-03-09,42,2,0,0,0,0,2023-03-10 04:21:03,40,0,0.0476,CHL
2023-03-09,492917,6461,0,391,1,0,2023-03-10 04:21:03,486456,390,0.0131,CHL
2023-03-09,2275,7,0,0,0,0,2023-03-10 04:21:03,2268,0,0.0031,CHN
2023-03-09,40774,20,0,0,0,0,2023-03-10 04:21:03,40754,0,0.0005,CHN
2023-03-09,14715,11,0,0,0,0,2023-03-10 04:21:03,14704,0,0.0007,CHN
2023-03-09,17122,2,0,0,0,0,2023-03-10 04:21:03,17120,0,0.0001,CHN
2023-03-09,1742,2,0,0,0,0,2023-03-10 04:21:03,1740,0,0.0011,CHN
2023-03-09,103248,10,0,0,0,0,2023-03-10 04:21:03,103238,0,0.0001,CHN
2023-03-09,13371,2,0,0,0,0,2023-03-10 04:21:03,13369,0,0.0001,CHN
2023-03-09,2534,2,0,0,0,0,2023-03-10 04:21:03,2532,0,0.0008,CHN
2023-03-09,10483,6,0,0,0,0,2023-03-10 04:21:03,10477,0,0.0006,CHN
2023-03-09,3292,7,0,0,0,0,2023-03-10 04:21:03,3285,0,0.0021,CHN
2023-03-09,6603,18,0,0,0,0,2023-03-10 04:21:03,6585,0,0.0027,CHN
2023-03-09,9948,23,0,0,0,0,2023-03-10 04:21:03,9925,0,0.0023,CHN
2023-03-09,2876106,13467,0,0,1,0,2023-03-10 04:21:03,2862639,-1,0.0047,CHN
2023-03-09,72131,4515,0,0,0,0,2023-03-10 04:21:03,67616,0,0.0626,CHN
2023-03-09,7437,4,0,0,0,0,2023-03-10 04:21:03,7433,0,0.0005,CHN
2023-03-09,8847,1,0,0,0,0,2023-03-10 04:21:03,8846,0,0.0001,CHN
2023-03-09,5075,0,0,0,0,0,2023-03-10 04:21:03,5075,0,0.0,CHN
2023-03-09,3423,2,0,0,0,0,2023-03-10 04:21:03,3421,0,0.0006,CHN
2023-03-09,40764,5,0,0,0,0,2023-03-10 04:21:03,40759,0,0.0001,CHN
2023-03-09,3547,2,0,0,0,0,2023-03-10 04:21:03,3545,0,0.0006,CHN
2023-03-09,3514,121,0,0,0,0,2023-03-10 04:21:03,3393,0,0.0344,CHN
2023-03-09,1276,0,0,0,0,0,2023-03-10 04:21:03,1276,0,0.0,CHN
2023-03-09,782,0,0,0,0,0,2023-03-10 04:21:03,782,0,0.0,CHN
2023-03-09,7326,5,0,0,0,0,2023-03-10 04:21:03,7321,0,0.0007,CHN
2023-03-09,5880,10,0,0,0,0,2023-03-10 04:21:03,5870,0,0.0017,CHN
2023-03-09,67040,595,0,0,0,0,2023-03-10 04:21:03,66445,0,0.0089,CHN
2023-03-09,7167,1,0,0,0,0,2023-03-10 04:21:03,7166,0,0.0001,CHN
2023-03-09,14567,12,0,0,0,0,2023-03-10 04:21:03,14555,0,0.0008,CHN
2023-03-09,4392,3,0,0,0,0,2023-03-10 04:21:03,4389,0,0.0007,CHN
2023-03-09,1647,0,0,0,0,0,2023-03-10 04:21:03,1647,0,0.0,CHN
2023-03-09,1521816,82195,0,0,0,0,2023-03-10 04:21:03,1439621,0,0.054,CHN
2023-03-09,3089,3,0,0,0,0,2023-03-10 04:21:03,3086,0,0.001,CHN
2023-03-09,9743,4,0,0,0,0,2023-03-10 04:21:03,9739,0,0.0004,CHN
2023-03-09,11848,1,0,0,0,0,2023-03-10 04:21:03,11847,0,0.0001,CHN
2023-03-09,7851,265,0,0,0,0,2023-03-10 04:21:03,7586,0,0.0338,COL
2023-03-09,950809,18617,0,0,0,0,2023-03-10 04:21:03,932192,0,0.0196,COL
2023-03-09,17130,569,0,0,0,0,2023-03-10 04:21:03,16561,0,0.0332,COL
2023-03-09,417897,10230,0,0,0,0,2023-03-10 04:21:03,407667,0,0.0245,COL
2023-03-09,203497,3276,0,0,0,0,2023-03-10 04:21:03,200221,0,0.0161,COL
2023-03-09,130254,2903,0,0,0,0,2023-03-10 04:21:03,127351,0,0.0223,COL
2023-03-09,119792,2580,0,0,0,0,2023-03-10 04:21:03,117212,0,0.0215,COL
2023-03-09,1874877,30051,0,0,0,0,2023-03-10 04:21:03,1844826,0,0.016,COL
2023-03-09,25704,1041,0,0,0,0,2023-03-10 04:21:03,24663,0,0.0405,COL
2023-03-09,43079,1029,0,0,0,0,2023-03-10 04:21:03,42050,0,0.0239,COL
2023-03-09,76788,1854,0,0,0,0,2023-03-10 04:21:03,74934,0,0.0241,COL
2023-03-09,109404,2694,0,0,0,0,2023-03-10 04:21:03,106710,0,0.0246,COL
2023-03-09,18891,430,0,0,0,0,2023-03-10 04:21:03,18461,0,0.0228,COL
2023-03-09,122594,3961,0,0,0,0,2023-03-10 04:21:03,118633,0,0.0323,COL
2023-03-09,330221,7398,0,0,0,0,2023-03-10 04:21:03,322823,0,0.0224,COL
2023-03-09,2795,37,0,0,0,0,2023-03-10 04:21:03,2758,0,0.0132,COL
2023-03-09,5683,105,0,0,0,0,2023-03-10 04:21:03,5578,0,0.0185,COL
2023-03-09,103346,3593,0,0,0,0,2023-03-10 04:21:03,99753,0,0.0348,COL
2023-03-09,58097,1548,0,0,0,0,2023-03-10 04:21:03,56549,0,0.0266,COL
2023-03-09,117751,3655,0,0,0,0,2023-03-10 04:21:03,114096,0,0.031,COL
2023-03-09,107879,2609,0,0,0,0,2023-03-10 04:21:03,105270,0,0.0242,COL
2023-03-09,108552,3418,0,0,0,0,2023-03-10 04:21:03,105134,0,0.0315,COL
2023-03-09,125260,5192,0,0,0,0,2023-03-10 04:21:03,120068,0,0.0414,COL
2023-03-09,21998,791,0,0,0,0,2023-03-10 04:21:03,21207,0,0.036,COL
2023-03-09,73182,2086,0,0,0,0,2023-03-10 04:21:03,71096,0,0.0285,COL
2023-03-09,110026,2514,0,0,0,0,2023-03-10 04:21:03,107512,0,0.0228,COL
2023-03-09,10375,157,0,0,0,0,2023-03-10 04:21:03,10218,0,0.0151,COL
2023-03-09,295934,8382,0,0,0,0,2023-03-10 04:21:03,287552,0,0.0283,COL
2023-03-09,67157,1747,0,0,0,0,2023-03-10 04:21:03,65410,0,0.026,COL
2023-03-09,127417,4092,0,0,0,0,2023-03-10 04:21:03,123325,0,0.0321,COL
2023-03-09,0,0,0,0,0,0,2023-03-10 04:21:03,0,0,0.0,COL
2023-03-09,569412,15428,0,0,0,0,2023-03-10 04:21:03,553984,0,0.0271,COL
2023-03-09,1964,22,0,0,0,0,2023-03-10 04:21:03,1942,0,0.0112,COL
2023-03-09,3477,65,0,0,0,0,2023-03-10 04:21:03,3412,0,0.0187,COL
2023-03-09,9008,161,0,0,0,0,2023-03-10 04:21:03,8847,0,0.0179,COM
2023-03-09,25087,388,0,0,0,0,2023-03-10 04:21:03,24699,0,0.0155,COG
2023-03-09,95749,1464,0,0,0,0,2023-03-10 04:21:03,94285,0,0.0153,COD
2023-03-09,1209725,9245,0,0,0,0,2023-03-10 04:21:03,1200480,0,0.0076,CRI
2023-03-09,88263,834,0,8,0,0,2023-03-10 04:21:03,87429,8,0.0094,CIV
2023-03-09,1269326,17987,0,0,0,0,2023-03-10 04:21:03,1251339,0,0.0142,HRV
2023-03-09,1112643,8530,0,6,0,0,2023-03-10 04:21:03,1104113,6,0.0077,CUB
2023-03-09,650685,1330,0,0,0,0,2023-03-10 04:21:03,649355,0,0.002,CYP
2023-03-09,4618256,42491,0,1142,3,0,2023-03-10 04:21:03,4575765,1139,0.0092,CZE
2023-03-09,34658,28,0,0,0,0,2023-03-10 04:21:03,34630,0,0.0008,DNK
2023-03-09,11971,21,0,0,0,0,2023-03-10 04:21:03,11950,0,0.0018,DNK
2023-03-09,3404407,8296,0,139,4,0,2023-03-10 04:21:03,3396111,135,0.0024,DNK
2023-03-09,712,13,0,0,0,0,2023-03-10 04:21:03,699,0,0.0183,NA-SHIP-DP
2023-03-09,15690,189,0,0,0,0,2023-03-10 04:21:03,15501,0,0.012,DJI
2023-03-09,15760,74,0,0,0,0,2023-03-10 04:21:03,15686,0,0.0047,DMA
2023-03-09,660790,4384,0,0,0,0,2023-03-10 04:21:03,656406,0,0.0066,DOM
2023-03-09,1057121,36014,0,0,0,0,2023-03-10 04:21:03,1021107,0,0.0341,ECU
2023-03-09,515759,24812,0,0,0,0,2023-03-10 04:21:03,490947,0,0.0481,EGY
2023-03-09,201785,4230,0,0,0,0,2023-03-10 04:21:03,197555,0,0.021,SLV
2023-03-09,17229,183,0,0,0,0,2023-03-10 04:21:03,17046,0,0.0106,GNQ
2023-03-09,10189,103,0,0,0,0,2023-03-10 04:21:03,10086,0,0.0101,ERI
2023-03-09,615433,2946,0,0,0,0,2023-03-10 04:21:03,612487,0,0.0048,EST
2023-03-09,74267,1425,0,0,0,0,2023-03-10 04:21:03,72842,0,0.0192,SWZ
2023-03-09,500116,7572,0,14,0,0,2023-03-10 04:21:03,492544,14,0.0151,ETH
2023-03-09,68898,883,0,1,0,0,2023-03-10 04:21:03,68015,1,0.0128,FJI
2023-03-09,1463644,8967,0,668,31,0,2023-03-10 04:21:03,1454677,637,0.0061,FIN
2023-03-09,98041,413,0,0,0,0,2023-03-10 04:21:03,97628,0,0.0042,FRA
2023-03-09,78055,649,0,0,0,0,2023-03-10 04:21:03,77406,0,0.0083,FRA
2023-03-09,201886,1010,0,0,0,0,2023-03-10 04:21:03,200876,0,0.005,FRA
2023-03-09,229020,1092,0,0,0,0,2023-03-10 04:21:03,227928,0,0.0048,FRA
2023-03-09,42004,187,0,0,0,0,2023-03-10 04:21:03,41817,0,0.0045,FRA
2023-03-09,80017,314,0,0,0,0,2023-03-10 04:21:03,79703,0,0.0039,FRA
2023-03-09,494595,921,0,0,0,0,2023-03-10 04:21:03,493674,0,0.0019,FRA
2023-03-09,5441,6,0,0,0,0,2023-03-10 04:21:03,5435,0,0.0011,FRA
2023-03-09,3452,2,0,0,0,0,2023-03-10 04:21:03,3450,0,0.0006,FRA
2023-03-09,12271,63,0,0,0,0,2023-03-10 04:21:03,12208,0,0.0051,FRA
2023-03-09,3427,7,0,0,0,0,2023-03-10 04:21:03,3420,0,0.002,FRA
2023-03-09,38618509,161512,0,6308,11,0,2023-03-10 04:21:03,38456997,6297,0.0042,FRA
2023-03-09,48981,306,0,0,0,0,2023-03-10 04:21:03,48675,0,0.0062,GAB
2023-03-09,12598,372,0,0,0,0,2023-03-10 04:21:03,12226,0,0.0295,GMB
2023-03-09,1827537,16971,0,0,0,0,2023-03-10 04:21:03,1810566,0,0.0093,GEO
2023-03-09,5063979,19297,0,771,14,0,2023-03-10 04:21:03,5044682,757,0.0038,DEU
2023-03-09,6741523,28680,0,1409,27,0,2023-03-10 04:21:03,6712843,1382,0.0043,DEU
2023-03-09,1430661,5564,0,449,2,0,2023-03-10 04:21:03,1425097,447,0.0039,DEU
2023-03-09,1113946,6506,0,197,4,0,2023-03-10 04:21:03,1107440,193,0.0058,DEU
2023-03-09,303612,968,0,37,1,0,2023-03-10 04:21:03,302644,36,0.0032,DEU
2023-03-09,807013,3614,0,0,0,0,2023-03-10 04:21:03,803399,0,0.0045,DEU
2023-03-09,2928587,12436,0,602,8,0,2023-03-10 04:21:03,2916151,594,0.0042,DEU
2023-03-09,711570,2770,0,205,5,0,2023-03-10 04:21:03,708800,200,0.0039,DEU
2023-03-09,3860773,13718,0,787,29,0,2023-03-10 04:21:03,3847055,758,0.0036,DEU
2023-03-09,8048396,31400,0,1970,16,0,2023-03-10 04:21:03,8016996,1954,0.0039,DEU
2023-03-09,1769913,6971,0,426,9,0,2023-03-10 04:21:03,1762942,417,0.0039,DEU
2023-03-09,492792,2132,0,151,1,0,2023-03-10 04:21:03,490660,150,0.0043,DEU
2023-03-09,1955828,16814,0,277,3,0,2023-03-10 04:21:03,1939014,274,0.0086,DEU
2023-03-09,961147,6286,0,207,3,0,2023-03-10 04:21:03,954861,204,0.0065,DEU
2023-03-09,1175406,3481,0,175,4,0,2023-03-10 04:21:03,1171925,171,0.003,DEU
2023-03-09,883914,8298,0,166,1,0,2023-03-10 04:21:03,875616,165,0.0094,DEU
2023-03-09,0,0,0,0,0,0,2023-03-10 04:21:03,0,0,0.0,DEU
2023-03-09,171229,1462,0,0,0,0,2023-03-10 04:21:03,169767,0,0.0085,GHA
2023-03-09,5548487,34779,0,0,0,0,2023-03-10 04:21:03,5513708,0,0.0063,GRC
2023-03-09,19680,238,0,0,0,0,2023-03-10 04:21:03,19442,0,0.0121,GRD
2023-03-09,1238247,20182,0,198,0,0,2023-03-10 04:21:03,1218065,198,0.0163,GTM
2023-03-09,38267,467,0,0,0,0,2023-03-10 04:21:03,37800,0,0.0122,GIN
2023-03-09,8960,176,0,0,0,0,2023-03-10 04:21:03,8784,0,0.0196,GNB
2023-03-09,73075,1298,0,0,0,0,2023-03-10 04:21:03,71777,0,0.0178,GUY
2023-03-09,34202,860,0,0,0,0,2023-03-10 04:21:03,33342,0,0.0251,HTI
2023-03-09,29,0,0,0,0,0,2023-03-10 04:21:03,29,0,0.0,VAT
2023-03-09,472250,11111,0,0,0,0,2023-03-10 04:21:03,461139,0,0.0235,HND
2023-03-09,2196804,48762,0,0,0,0,2023-03-10 04:21:03,2148042,0,0.0222,HUN
2023-03-09,209137,263,0,0,0,0,2023-03-10 04:21:03,208874,0,0.0013,ISL
2023-03-09,10751,129,0,0,0,0,2023-03-10 04:21:03,10622,0,0.012,IND
2023-03-09,2339096,14733,0,1,0,0,2023-03-10 04:21:03,2324363,1,0.0063,IND
2023-03-09,66891,296,0,0,0,0,2023-03-10 04:21:03,66595,0,0.0044,IND
2023-03-09,746100,8035,0,0,0,0,2023-03-10 04:21:03,738065,0,0.0108,IND
2023-03-09,851427,12303,0,1,0,0,2023-03-10 04:21:03,839124,1,0.0144,IND
2023-03-09,99370,1182,0,0,0,0,2023-03-10 04:21:03,98188,0,0.0119,IND
2023-03-09,1177804,14146,0,3,0,0,2023-03-10 04:21:03,1163658,3,0.012,IND
2023-03-09,11591,4,0,0,0,0,2023-03-10 04:21:03,11587,0,0.0003,IND
2023-03-09,2007605,26523,0,4,0,0,2023-03-10 04:21:03,1981082,4,0.0132,IND
2023-03-09,259167,4013,0,2,0,0,2023-03-10 04:21:03,255154,2,0.0155,IND
2023-03-09,1277848,11046,0,30,0,0,2023-03-10 04:21:03,1266802,30,0.0086,IND
2023-03-09,1056770,10714,0,7,0,0,2023-03-10 04:21:03,1046056,7,0.0101,IND
2023-03-09,312820,4213,0,20,0,0,2023-03-10 04:21:03,308607,20,0.0135,IND
2023-03-09,479513,4785,0,3,0,0,2023-03-10 04:21:03,474728,3,0.01,IND
2023-03-09,442579,5331,0,0,0,0,2023-03-10 04:21:03,437248,0,0.012,IND
2023-03-09,4074536,40312,0,89,1,0,2023-03-10 04:21:03,4034224,88,0.0099,IND
2023-03-09,6831358,71589,0,87,1,0,2023-03-10 04:21:03,6759769,86,0.0105,IND
2023-03-09,29425,231,0,0,0,0,2023-03-10 04:21:03,29194,0,0.0079,IND
2023-03-09,11415,52,0,0,0,0,2023-03-10 04:21:03,11363,0,0.0046,IND
2023-03-09,1054978,10777,0,8,0,0,2023-03-10 04:21:03,1044201,8,0.0102,IND
2023-03-09,8138129,148424,0,144,1,0,2023-03-10 04:21:03,7989705,143,0.0182,IND
2023-03-09,139924,2149,0,0,0,0,2023-03-10 04:21:03,137775,0,0.0154,IND
2023-03-09,96788,1625,0,0,0,0,2023-03-10 04:21:03,95163,0,0.0168,IND
2023-03-09,238969,726,0,1,0,0,2023-03-10 04:21:03,238243,1,0.003,IND
2023-03-09,35988,782,0,0,0,0,2023-03-10 04:21:03,35206,0,0.0217,IND
2023-03-09,1336717,9205,0,1,0,0,2023-03-10 04:21:03,1327512,1,0.0069,IND
2023-03-09,175872,1975,0,9,0,0,2023-03-10 04:21:03,173897,9,0.0112,IND
2023-03-09,785724,19289,0,1239,0,0,2023-03-10 04:21:03,766435,1239,0.0245,IND
2023-03-09,1315637,9656,0,7,1,0,2023-03-10 04:21:03,1305981,6,0.0073,IND
2023-03-09,44325,500,0,0,0,0,2023-03-10 04:21:03,43825,0,0.0113,IND
2023-03-09,3595123,38049,0,66,0,0,2023-03-10 04:21:03,3557074,66,0.0106,IND
2023-03-09,841897,4111,0,67,0,0,2023-03-10 04:21:03,837786,67,0.0049,IND
2023-03-09,108034,940,0,0,0,0,2023-03-10 04:21:03,107094,0,0.0087,IND
2023-03-09,0,0,0,0,0,0,2023-03-10 04:21:03,0,0,0.0,IND
2023-03-09,2128222,23648,0,1,0,0,2023-03-10 04:21:03,2104574,1,0.0111,IND
2023-03-09,449488,7753,0,1,0,0,2023-03-10 04:21:03,441735,1,0.0172,IND
2023-03-09,2118857,21533,0,4,0,0,2023-03-10 04:21:03,2097324,4,0.0102,IND
2023-03-09,6738225,160941,0,307,4,0,2023-03-10 04:21:03,6577284,303,0.0239,IDN
2023-03-09,7572311,144933,0,315,11,0,2023-03-10 04:21:03,7427378,304,0.0191,IRN
2023-03-09,2465545,25375,0,0,0,0,2023-03-10 04:21:03,2440170,0,0.0103,IRQ
2023-03-09,1704502,8708,0,0,0,0,2023-03-10 04:21:03,1695794,0,0.0051,IRL
2023-03-09,4803824,12329,0,660,4,0,2023-03-10 04:21:03,4791495,656,0.0026,ISR
2023-03-09,651674,3931,0,0,0,0,2023-03-10 04:21:03,647743,0,0.006,ITA
2023-03-09,199646,1021,0,0,0,0,2023-03-10 04:21:03,198625,0,0.0051,ITA
2023-03-09,631613,3347,0,0,0,0,2023-03-10 04:21:03,628266,0,0.0053,ITA
2023-03-09,2444797,11791,0,0,0,0,2023-03-10 04:21:03,2433006,0,0.0048,ITA
2023-03-09,2136671,19283,0,0,0,0,2023-03-10 04:21:03,2117388,0,0.009,ITA
2023-03-09,575033,5998,0,0,0,0,2023-03-10 04:21:03,569035,0,0.0104,ITA
2023-03-09,2385069,12787,0,0,0,0,2023-03-10 04:21:03,2372282,0,0.0054,ITA
2023-03-09,661284,5880,0,0,0,0,2023-03-10 04:21:03,655404,0,0.0089,ITA
2023-03-09,4118413,45558,0,0,0,0,2023-03-10 04:21:03,4072855,0,0.0111,ITA
2023-03-09,714100,4399,0,0,0,0,2023-03-10 04:21:03,709701,0,0.0062,ITA
2023-03-09,101826,719,0,0,0,0,2023-03-10 04:21:03,101107,0,0.0071,ITA
2023-03-09,293808,1610,0,0,0,0,2023-03-10 04:21:03,292198,0,0.0055,ITA
2023-03-09,243951,1647,0,0,0,0,2023-03-10 04:21:03,242304,0,0.0068,ITA
2023-03-09,1719738,13828,0,0,0,0,2023-03-10 04:21:03,1705910,0,0.008,ITA
2023-03-09,1626850,9646,0,0,0,0,2023-03-10 04:21:03,1617204,0,0.0059,ITA
2023-03-09,509829,2923,0,0,0,0,2023-03-10 04:21:03,506906,0,0.0057,ITA
2023-03-09,1817733,12692,0,0,0,0,2023-03-10 04:21:03,1805041,0,0.007,ITA
2023-03-09,1589964,11574,0,0,0,0,2023-03-10 04:21:03,1578390,0,0.0073,ITA
2023-03-09,438301,2449,0,0,0,0,2023-03-10 04:21:03,435852,0,0.0056,ITA
2023-03-09,50448,567,0,0,0,0,2023-03-10 04:21:03,49881,0,0.0112,ITA
2023-03-09,2692762,16672,0,0,0,0,2023-03-10 04:21:03,2676090,0,0.0062,ITA
2023-03-09,154416,3514,0,129,3,0,2023-03-10 04:21:03,150902,126,0.0228,JAM
2023-03-09,2100094,4285,0,545,8,0,2023-03-10 04:21:03,2095809,537,0.002,JPN
2023-03-09,199130,588,0,83,0,0,2023-03-10 04:21:03,198542,83,0.003,JPN
2023-03-09,277922,640,0,104,0,0,2023-03-10 04:21:03,277282,104,0.0023,JPN
2023-03-09,1456535,3874,0,328,4,0,2023-03-10 04:21:03,1452661,324,0.0027,JPN
2023-03-09,314430,683,0,173,0,0,2023-03-10 04:21:03,313747,173,0.0022,JPN
2023-03-09,198871,196,0,70,0,0,2023-03-10 04:21:03,198675,70,0.001,JPN
2023-03-09,1579850,3164,0,397,1,0,2023-03-10 04:21:03,1576686,396,0.002,JPN
2023-03-09,401096,826,0,174,2,0,2023-03-10 04:21:03,400270,172,0.0021,JPN
2023-03-09,538509,1102,0,216,2,0,2023-03-10 04:21:03,537407,214,0.002,JPN
2023-03-09,437760,1077,0,179,3,0,2023-03-10 04:21:03,436683,176,0.0025,JPN
2023-03-09,796053,1346,0,307,2,0,2023-03-10 04:21:03,794707,305,0.0017,JPN
2023-03-09,1333535,4532,0,387,2,0,2023-03-10 04:21:03,1329003,385,0.0034,JPN
2023-03-09,1461481,3796,0,381,3,0,2023-03-10 04:21:03,1457685,378,0.0026,JPN
2023-03-09,634322,1279,0,199,1,0,2023-03-10 04:21:03,633043,198,0.002,JPN
2023-03-09,277113,501,0,88,1,0,2023-03-10 04:21:03,276612,87,0.0018,JPN
2023-03-09,233500,609,0,89,0,0,2023-03-10 04:21:03,232891,89,0.0026,JPN
2023-03-09,251256,613,0,68,0,0,2023-03-10 04:21:03,250643,68,0.0024,JPN
2023-03-09,439610,877,0,167,0,0,2023-03-10 04:21:03,438733,167,0.002,JPN
2023-03-09,2207465,4249,0,489,8,0,2023-03-10 04:21:03,2203216,481,0.0019,JPN
2023-03-09,168352,584,0,75,0,0,2023-03-10 04:21:03,167768,75,0.0035,JPN
2023-03-09,532492,1292,0,161,0,0,2023-03-10 04:21:03,531200,161,0.0024,JPN
2023-03-09,674377,1645,0,126,3,0,2023-03-10 04:21:03,672732,123,0.0024,JPN
2023-03-09,457736,1038,0,242,0,0,2023-03-10 04:21:03,456698,242,0.0023,JPN
2023-03-09,534019,938,0,217,0,0,2023-03-10 04:21:03,533081,217,0.0018,JPN
2023-03-09,318969,773,0,112,1,0,2023-03-10 04:21:03,318196,111,0.0024,JPN
2023-03-09,454729,861,0,264,1,0,2023-03-10 04:21:03,453868,263,0.0019,JPN
2023-03-09,335188,635,0,111,4,0,2023-03-10 04:21:03,334553,107,0.0019,JPN
2023-03-09,344394,855,0,62,0,0,2023-03-10 04:21:03,343539,62,0.0025,JPN
2023-03-09,452535,431,0,290,0,0,2023-03-10 04:21:03,452104,290,0.001,JPN
2023-03-09,301877,762,0,114,2,0,2023-03-10 04:21:03,301115,112,0.0025,JPN
2023-03-09,488838,838,0,173,2,0,2023-03-10 04:21:03,488000,171,0.0017,JPN
2023-03-09,576111,926,0,112,0,0,2023-03-10 04:21:03,575185,112,0.0016,JPN
2023-03-09,2818795,8401,0,474,5,0,2023-03-10 04:21:03,2810394,469,0.003,JPN
2023-03-09,22118,8,0,0,0,0,2022-11-22 23:21:06,22110,0,0.0004,JPN
2023-03-09,260131,489,0,78,1,0,2023-03-10 04:21:03,259642,77,0.0019,JPN
2023-03-09,1790744,3892,0,471,6,0,2023-03-10 04:21:03,1786852,465,0.0022,JPN
2023-03-09,372032,669,0,124,0,0,2023-03-10 04:21:03,371363,124,0.0018,JPN
2023-03-09,166928,296,0,128,0,0,2023-03-10 04:21:03,166632,128,0.0018,JPN
2023-03-09,862305,1375,0,365,5,0,2023-03-10 04:21:03,860930,360,0.0016,JPN
2023-03-09,419841,1058,0,211,2,0,2023-03-10 04:21:03,418783,209,0.0025,JPN
2023-03-09,165538,411,0,94,1,0,2023-03-10 04:21:03,165127,93,0.0025,JPN
2023-03-09,4323708,7998,0,794,5,0,2023-03-10 04:21:03,4315710,789,0.0018,JPN
2023-03-09,140744,260,0,86,1,0,2023-03-10 04:21:03,140484,85,0.0018,JPN
2023-03-09,235567,312,0,75,0,0,2023-03-10 04:21:03,235255,75,0.0013,JPN
2023-03-09,173,0,0,0,0,0,2022-11-22 23:21:06,173,0,0.0,JPN
2023-03-09,237568,516,0,80,1,0,2023-03-10 04:21:03,237052,79,0.0022,JPN
2023-03-09,224910,355,0,140,0,0,2023-03-10 04:21:03,224555,140,0.0016,JPN
2023-03-09,311938,741,0,142,1,0,2023-03-10 04:21:03,311197,141,0.0024,JPN
2023-03-09,189249,401,0,69,2,0,2023-03-10 04:21:03,188848,67,0.0021,JPN
2023-03-09,1746997,14122,0,0,0,0,2023-03-10 04:21:03,1732875,0,0.0081,JOR
2023-03-09,1498668,19071,0,0,0,0,2023-03-10 04:21:03,1479597,0,0.0127,KAZ
2023-03-09,342937,5688,0,0,0,0,2023-03-10 04:21:03,337249,0,0.0166,KEN
2023-03-09,5014,18,0,0,0,0,2023-03-10 04:21:03,4996,0,0.0036,KIR
2023-03-09,30615522,34093,0,10335,12,0,2023-03-10 04:21:03,30581429,10323,0.0011,KOR
2023-03-09,273312,3211,0,21,0,0,2023-03-10 04:21:03,270101,21,0.0117,RKS
2023-03-09,663860,2570,0,0,0,0,2023-03-10 04:21:03,661290,0,0.0039,KWT
2023-03-09,206708,2991,0,0,0,0,2023-03-10 04:21:03,203717,0,0.0145,KGZ
2023-03-09,218023,758,0,0,0,0,2023-03-10 04:21:03,217265,0,0.0035,LAO
2023-03-09,976255,6269,0,27,0,0,2023-03-10 04:21:03,969986,27,0.0064,LVA
2023-03-09,1232828,10841,0,179,1,0,2023-03-10 04:21:03,1221987,178,0.0088,LBN
2023-03-09,34790,723,0,0,0,0,2023-03-10 04:21:03,34067,0,0.0208,LSO
2023-03-09,8090,295,0,0,0,0,2023-03-10 04:21:03,7795,0,0.0365,LBR
2023-03-09,507187,6437,0,0,0,0,2023-03-10 04:21:03,500750,0,0.0127,LBY
2023-03-09,21432,89,0,0,0,0,2023-03-10 04:21:03,21343,0,0.0042,LIE
2023-03-09,1307448,9596,0,0,0,0,2023-03-10 04:21:03,1297852,0,0.0073,LTU
2023-03-09,317367,1220,0,0,0,0,2023-03-10 04:21:03,316147,0,0.0038,LUX
2023-03-09,9,2,0,0,0,0,2023-03-10 04:21:03,7,0,0.2222,NA-SHIP-MSZ
2023-03-09,67889,1423,0,0,0,0,2023-03-10 04:21:03,66466,0,0.021,MDG
2023-03-09,88707,2686,0,0,0,0,2023-03-10 04:21:03,86021,0,0.0303,MWI
2023-03-09,398660,4715,0,17,0,0,2023-03-10 04:21:03,393945,17,0.0118,MYS
2023-03-09,318825,2740,0,7,0,0,2023-03-10 04:21:03,316085,7,0.0086,MYS
2023-03-09,260181,1424,0,3,0,0,2023-03-10 04:21:03,258757,3,0.0055,MYS
2023-03-09,145426,1203,0,17,0,0,2023-03-10 04:21:03,144223,17,0.0083,MYS
2023-03-09,231174,1537,0,9,0,0,2023-03-10 04:21:03,229637,9,0.0066,MYS
2023-03-09,182784,1032,0,6,0,0,2023-03-10 04:21:03,181752,6,0.0056,MYS
2023-03-09,239281,2125,0,14,0,0,2023-03-10 04:21:03,237156,14,0.0089,MYS
2023-03-09,19014,198,0,0,0,0,2023-03-10 04:21:03,18816,0,0.0104,MYS
2023-03-09,307725,2064,0,9,0,0,2023-03-10 04:21:03,305661,9,0.0067,MYS
2023-03-09,406937,3202,0,2,0,0,2023-03-10 04:21:03,403735,2,0.0079,MYS
2023-03-09,324659,1788,0,9,0,0,2023-03-10 04:21:03,322871,9,0.0055,MYS
2023-03-09,1551065,10985,0,97,0,0,2023-03-10 04:21:03,1540080,97,0.0071,MYS
2023-03-09,133075,899,0,11,0,0,2023-03-10 04:21:03,132176,11,0.0068,MYS
2023-03-09,0,0,0,0,0,0,2023-03-10 04:21:03,0,0,0.0,MYS
2023-03-09,470285,2865,0,64,0,0,2023-03-10 04:21:03,467420,64,0.0061,MYS
2023-03-09,22981,158,0,3,0,0,2023-03-10 04:21:03,22823,3,0.0069,MYS
2023-03-09,32646,32,0,11,0,0,2023-03-10 04:21:03,32614,11,0.001,MYS
2023-03-09,185738,311,0,0,0,0,2023-03-10 04:21:03,185427,0,0.0017,MDV
2023-03-09,33062,743,0,1,0,0,2023-03-10 04:21:03,32319,1,0.0225,MLI
2023-03-09,117610,828,0,0,0,0,2023-03-10 04:21:03,116782,0,0.007,MLT
2023-03-09,15649,17,0,0,0,0,2023-03-10 04:21:03,15632,0,0.0011,MHL
2023-03-09,63668,997,0,0,0,0,2023-03-10 04:21:03,62671,0,0.0157,MRT
2023-03-09,296042,1044,0,0,0,0,2023-03-10 04:21:03,294998,0,0.0035,MUS
2023-03-09,90837,3630,0,47,0,0,2023-03-10 04:21:03,87207,47,0.04,MEX
2023-03-09,175704,12508,0,235,2,0,2023-03-10 04:21:03,163196,233,0.0712,MEX
2023-03-09,128552,2780,0,124,0,0,2023-03-10 04:21:03,125772,124,0.0216,MEX
2023-03-09,44242,2298,0,2,0,0,2023-03-10 04:21:03,41944,2,0.0519,MEX
2023-03-09,57462,2453,0,36,0,0,2023-03-10 04:21:03,55009,36,0.0427,MEX
2023-03-09,172643,10239,0,99,0,0,2023-03-10 04:21:03,162404,99,0.0593,MEX
2023-03-09,1858660,44044,0,2599,5,0,2023-03-10 04:21:03,1814616,2594,0.0237,MEX
2023-03-09,187173,9039,0,184,2,0,2023-03-10 04:21:03,178134,182,0.0483,MEX
2023-03-09,70936,2255,0,111,0,0,2023-03-10 04:21:03,68681,111,0.0318,MEX
2023-03-09,81548,3696,0,17,0,0,2023-03-10 04:21:03,77852,17,0.0453,MEX
2023-03-09,368546,15219,0,392,1,0,2023-03-10 04:21:03,353327,391,0.0413,MEX
2023-03-09,119037,6879,0,47,0,0,2023-03-10 04:21:03,112158,47,0.0578,MEX
2023-03-09,127406,8647,0,212,4,0,2023-03-10 04:21:03,118759,208,0.0679,MEX
2023-03-09,296024,20146,0,174,4,0,2023-03-10 04:21:03,275878,170,0.0681,MEX
2023-03-09,743439,48238,0,1217,7,0,2023-03-10 04:21:03,695201,1210,0.0649,MEX
2023-03-09,115872,9037,0,208,0,0,2023-03-10 04:21:03,106835,208,0.078,MEX
2023-03-09,99708,5461,0,117,0,0,2023-03-10 04:21:03,94247,117,0.0548,MEX
2023-03-09,76268,3274,0,69,0,0,2023-03-10 04:21:03,72994,69,0.0429,MEX
2023-03-09,422027,15503,0,906,4,0,2023-03-10 04:21:03,406524,902,0.0367,MEX
2023-03-09,157238,6404,0,146,4,0,2023-03-10 04:21:03,150834,142,0.0407,MEX
2023-03-09,221279,16748,0,278,1,0,2023-03-10 04:21:03,204531,277,0.0757,MEX
2023-03-09,185519,6426,0,154,3,0,2023-03-10 04:21:03,179093,151,0.0346,MEX
2023-03-09,120075,4459,0,29,0,0,2023-03-10 04:21:03,115616,29,0.0371,MEX
2023-03-09,252685,7666,0,168,1,0,2023-03-10 04:21:03,245019,167,0.0303,MEX
2023-03-09,182235,9972,0,113,2,0,2023-03-10 04:21:03,172263,111,0.0547,MEX
2023-03-09,201304,10349,0,114,0,0,2023-03-10 04:21:03,190955,114,0.0514,MEX
2023-03-09,221468,6182,0,3,0,0,2023-03-10 04:21:03,215286,3,0.0279,MEX
2023-03-09,183092,8329,0,66,0,0,2023-03-10 04:21:03,174763,66,0.0455,MEX
2023-03-09,60467,3142,0,90,1,0,2023-03-10 04:21:03,57325,89,0.052,MEX
2023-03-09,0,0,0,0,0,0,2023-03-10 04:21:03,0,0,0.0,MEX
2023-03-09,235708,17162,0,207,10,0,2023-03-10 04:21:03,218546,197,0.0728,MEX
2023-03-09,142925,7010,0,19,0,0,2023-03-10 04:21:03,135915,19,0.049,MEX
2023-03-09,83365,3993,0,42,1,0,2023-03-10 04:21:03,79372,41,0.0479,MEX
2023-03-09,611140,12003,0,0,0,0,2023-03-10 04:21:03,599137,0,0.0196,MDA
2023-03-09,16121,67,0,0,0,0,2023-03-10 04:21:03,16054,0,0.0042,MCO
2023-03-09,1007900,2136,0,0,0,0,2023-03-10 04:21:03,1005764,0,0.0021,MNG
2023-03-09,288808,2808,0,56,0,0,2023-03-10 04:21:03,286000,56,0.0097,MNE
2023-03-09,1272490,16296,0,0,0,0,2023-03-10 04:21:03,1256194,0,0.0128,MAR
2023-03-09,233214,2242,0,0,0,0,2023-03-10 04:21:03,230972,0,0.0096,MOZ
2023-03-09,171156,4090,0,0,0,0,2023-03-10 04:21:03,167066,0,0.0239,NAM
2023-03-09,5247,1,0,0,0,0,2023-03-10 04:21:03,5246,0,0.0002,NRU
2023-03-09,1001154,12020,0,4,0,0,2023-03-10 04:21:03,989134,4,0.012,NPL
2023-03-09,44044,282,0,0,0,0,2023-03-10 04:21:03,43762,0,0.0064,NLD
2023-03-09,11804,41,0,0,0,0,2023-03-10 04:21:03,11763,0,0.0035,NLD
2023-03-09,45986,301,0,0,0,0,2023-03-10 04:21:03,45685,0,0.0065,NLD
2023-03-09,216395,464,0,0,0,0,2023-03-10 04:21:03,215931,0,0.0021,NLD
2023-03-09,195741,341,0,0,0,0,2023-03-10 04:21:03,195400,0,0.0017,NLD
2023-03-09,292969,624,0,0,0,0,2023-03-10 04:21:03,292345,0,0.0021,NLD
2023-03-09,1053625,2952,0,0,0,0,2023-03-10 04:21:03,1050673,0,0.0028,NLD
2023-03-09,263961,368,0,0,0,0,2023-03-10 04:21:03,263593,0,0.0014,NLD
2023-03-09,566571,2209,0,0,0,0,2023-03-10 04:21:03,564362,0,0.0039,NLD
2023-03-09,1305321,3783,0,0,0,0,2023-03-10 04:21:03,1301538,0,0.0029,NLD
2023-03-09,1414184,3508,0,0,0,0,2023-03-10 04:21:03,1410676,0,0.0025,NLD
2023-03-09,599261,1459,0,0,0,0,2023-03-10 04:21:03,597802,0,0.0024,NLD
2023-03-09,11020,91,0,0,0,0,2023-03-10 04:21:03,10929,0,0.0083,NLD
2023-03-09,0,2,0,0,0,0,2023-03-10 04:21:03,-2,0,0.0,NLD
2023-03-09,708169,1581,0,0,0,0,2023-03-10 04:21:03,706588,0,0.0022,NLD
2023-03-09,180656,402,0,0,0,0,2023-03-10 04:21:03,180254,0,0.0022,NLD
2023-03-09,1803128,5299,0,0,0,0,2023-03-10 04:21:03,1797829,0,0.0029,NLD
2023-03-09,7031,2,0,0,0,0,2023-03-10 04:21:03,7029,0,0.0003,NZL
2023-03-09,792,0,0,1,0,0,2023-03-10 04:21:03,792,1,0.0,NZL
2023-03-09,2228291,2548,0,0,0,0,2023-03-10 04:21:03,2225743,0,0.0011,NZL
2023-03-09,15655,245,0,0,0,0,2023-03-10 04:21:03,15410,0,0.0156,NIC
2023-03-09,9508,315,0,0,0,0,2023-03-10 04:21:03,9193,0,0.0331,NER
2023-03-09,266598,3155,0,0,0,0,2023-03-10 04:21:03,263443,0,0.0118,NGA
2023-03-09,346852,9662,0,0,0,0,2023-03-10 04:21:03,337190,0,0.0279,MKD
2023-03-09,1479506,5213,0,53,0,0,2023-03-10 04:21:03,1474293,53,0.0035,NOR
2023-03-09,399449,4628,0,0,0,0,2023-03-10 04:21:03,394821,0,0.0116,OMN
2023-03-09,44343,793,0,0,0,0,2023-03-10 04:21:03,43550,0,0.0179,PAK
2023-03-09,36047,378,0,1,0,0,2023-03-10 04:21:03,35669,1,0.0105,PAK
2023-03-09,12095,191,0,0,0,0,2023-03-10 04:21:03,11904,0,0.0158,PAK
2023-03-09,139844,1031,0,25,0,0,2023-03-10 04:21:03,138813,25,0.0074,PAK
2023-03-09,225115,6376,0,8,0,0,2023-03-10 04:21:03,218739,8,0.0283,PAK
2023-03-09,524161,13618,0,75,0,0,2023-03-10 04:21:03,510543,75,0.026,PAK
2023-03-09,595806,8257,0,14,0,0,2023-03-10 04:21:03,587549,14,0.0139,PAK
2023-03-09,5991,9,0,0,0,0,2023-03-10 04:21:03,5982,0,0.0015,PLW
2023-03-09,1031731,8609,0,0,0,0,2023-03-10 04:21:03,1023122,0,0.0083,PAN
2023-03-09,46825,670,0,0,0,0,2023-03-10 04:21:03,46155,0,0.0143,PNG
2023-03-09,808401,19878,0,0,0,0,2023-03-10 04:21:03,788523,0,0.0246,PRY
2023-03-09,51138,1409,0,0,0,0,2023-03-10 04:21:03,49729,0,0.0276,PER
2023-03-09,159243,7382,0,0,0,0,2023-03-10 04:21:03,151861,0,0.0464,PER
2023-03-09,46163,1694,0,0,0,0,2023-03-10 04:21:03,44469,0,0.0367,PER
2023-03-09,291043,10600,0,0,0,0,2023-03-10 04:21:03,280443,0,0.0364,PER
2023-03-09,55696,2407,0,0,0,0,2023-03-10 04:21:03,53289,0,0.0432,PER
2023-03-09,111937,4605,0,0,0,0,2023-03-10 04:21:03,107332,0,0.0411,PER
2023-03-09,170402,10884,0,0,0,0,2023-03-10 04:21:03,159518,0,0.0639,PER
2023-03-09,146229,5287,0,0,0,0,2023-03-10 04:21:03,140942,0,0.0362,PER
2023-03-09,30172,1300,0,0,0,0,2023-03-10 04:21:03,28872,0,0.0431,PER
2023-03-09,60660,2976,0,0,0,0,2023-03-10 04:21:03,57684,0,0.0491,PER
2023-03-09,130224,9114,0,0,0,0,2023-03-10 04:21:03,121110,0,0.07,PER
2023-03-09,155282,7614,0,0,0,0,2023-03-10 04:21:03,147668,0,0.049,PER
2023-03-09,181814,11027,0,0,0,0,2023-03-10 04:21:03,170787,0,0.0606,PER
2023-03-09,129893,9486,0,0,0,0,2023-03-10 04:21:03,120407,0,0.073,PER
2023-03-09,2110001,96723,0,0,0,0,2023-03-10 04:21:03,2013278,0,0.0458,PER
2023-03-09,64716,4471,0,0,0,0,2023-03-10 04:21:03,60245,0,0.0691,PER
2023-03-09,21303,888,0,0,0,0,2023-03-10 04:21:03,20415,0,0.0417,PER
2023-03-09,64321,1718,0,0,0,0,2023-03-10 04:21:03,62603,0,0.0267,PER
2023-03-09,29033,1140,0,0,0,0,2023-03-10 04:21:03,27893,0,0.0393,PER
2023-03-09,181347,13228,0,0,0,0,2023-03-10 04:21:03,168119,0,0.0729,PER
2023-03-09,78232,4843,0,0,0,0,2023-03-10 04:21:03,73389,0,0.0619,PER
2023-03-09,70196,3239,0,0,0,0,2023-03-10 04:21:03,66957,0,0.0461,PER
2023-03-09,66032,2256,0,0,0,0,2023-03-10 04:21:03,63776,0,0.0342,PER
2023-03-09,33866,1752,0,0,0,0,2023-03-10 04:21:03,32114,0,0.0517,PER
2023-03-09,45826,3301,0,0,0,0,2023-03-10 04:21:03,42525,0,0.072,PER
2023-03-09,2784,195,0,287,1,0,2023-03-10 04:21:03,2589,286,0.07,PER
2023-03-09,4077452,66188,0,150,12,0,2023-03-10 04:21:03,4011264,138,0.0162,PHL
2023-03-09,6444960,119010,0,3459,21,0,2023-03-10 04:21:03,6325950,3438,0.0185,POL
2023-03-09,5570473,26266,0,0,0,0,2023-03-10 04:21:03,5544207,0,0.0047,PRT
2023-03-09,495090,688,0,108,0,0,2023-03-10 04:21:03,494402,108,0.0014,QAT
2023-03-09,3346046,67736,0,0,0,0,2023-03-10 04:21:03,3278310,0,0.0202,ROU
2023-03-09,54892,1029,0,18,0,0,2023-03-10 04:21:03,53863,18,0.0187,RUS
2023-03-09,320691,8861,0,95,0,0,2023-03-10 04:21:03,311830,95,0.0276,RUS
2023-03-09,40254,631,0,9,0,0,2023-03-10 04:21:03,39623,9,0.0157,RUS
2023-03-09,129144,766,0,60,0,0,2023-03-10 04:21:03,128378,60,0.0059,RUS
2023-03-09,277116,1795,0,148,0,0,2023-03-10 04:21:03,275321,148,0.0065,RUS
2023-03-09,134664,3121,0,36,0,0,2023-03-10 04:21:03,131543,36,0.0232,RUS
2023-03-09,356814,6020,0,192,1,0,2023-03-10 04:21:03,350794,191,0.0169,RUS
2023-03-09,168582,2336,0,73,1,0,2023-03-10 04:21:03,166246,72,0.0139,RUS
2023-03-09,188152,4146,0,89,0,0,2023-03-10 04:21:03,184006,89,0.022,RUS
2023-03-09,155600,3124,0,20,0,0,2023-03-10 04:21:03,152476,20,0.0201,RUS
2023-03-09,47057,1076,0,3,0,0,2023-03-10 04:21:03,45981,3,0.0229,RUS
2023-03-09,404282,8277,0,245,0,0,2023-03-10 04:21:03,396005,245,0.0205,RUS
2023-03-09,7457,45,0,7,0,0,2023-03-10 04:21:03,7412,7,0.006,RUS
2023-03-09,110947,4716,0,60,0,0,2023-03-10 04:21:03,106231,60,0.0425,RUS
2023-03-09,103374,3631,0,11,0,0,2023-03-10 04:21:03,99743,11,0.0351,RUS
2023-03-09,43591,553,0,4,0,0,2023-03-10 04:21:03,43038,4,0.0127,RUS
2023-03-09,364565,8711,0,140,0,0,2023-03-10 04:21:03,355854,140,0.0239,RUS
2023-03-09,134774,3247,0,84,1,0,2023-03-10 04:21:03,131527,83,0.0241,RUS
2023-03-09,22510,562,0,5,0,0,2023-03-10 04:21:03,21948,5,0.025,RUS
2023-03-09,74999,1935,0,29,0,0,2023-03-10 04:21:03,73064,29,0.0258,RUS
2023-03-09,201778,2080,0,160,1,0,2023-03-10 04:21:03,199698,159,0.0103,RUS
2023-03-09,60000,843,0,17,0,0,2023-03-10 04:21:03,59157,17,0.0141,RUS
2023-03-09,125656,1454,0,53,0,0,2023-03-10 04:21:03,124202,53,0.0116,RUS
2023-03-09,45835,629,0,20,0,0,2023-03-10 04:21:03,45206,20,0.0137,RUS
2023-03-09,51990,991,0,10,0,0,2023-03-10 04:21:03,50999,10,0.0191,RUS
2023-03-09,166710,1526,0,130,0,0,2023-03-10 04:21:03,165184,130,0.0092,RUS
2023-03-09,218261,2917,0,101,2,0,2023-03-10 04:21:03,215344,99,0.0134,RUS
2023-03-09,229418,1565,0,42,0,0,2023-03-10 04:21:03,227853,42,0.0068,RUS
2023-03-09,104162,2428,0,50,0,0,2023-03-10 04:21:03,101734,50,0.0233,RUS
2023-03-09,263154,2608,0,125,0,0,2023-03-10 04:21:03,260546,125,0.0099,RUS
2023-03-09,167182,1101,0,41,0,0,2023-03-10 04:21:03,166081,41,0.0066,RUS
2023-03-09,195725,3264,0,104,1,0,2023-03-10 04:21:03,192461,103,0.0167,RUS
2023-03-09,103604,1480,0,21,0,0,2023-03-10 04:21:03,102124,21,0.0143,RUS
2023-03-09,351663,11159,0,193,1,0,2023-03-10 04:21:03,340504,192,0.0317,RUS
2023-03-09,432528,11285,0,119,1,0,2023-03-10 04:21:03,421243,118,0.0261,RUS
2023-03-09,126942,1552,0,55,1,0,2023-03-10 04:21:03,125390,54,0.0122,RUS
2023-03-09,152631,2540,0,89,0,0,2023-03-10 04:21:03,150091,89,0.0166,RUS
2023-03-09,248849,3510,0,231,0,0,2023-03-10 04:21:03,245339,231,0.0141,RUS
2023-03-09,180099,3959,0,98,0,0,2023-03-10 04:21:03,176140,98,0.022,RUS
2023-03-09,22734,395,0,19,0,0,2023-03-10 04:21:03,22339,19,0.0174,RUS
2023-03-09,52514,1087,0,14,0,0,2023-03-10 04:21:03,51427,14,0.0207,RUS
2023-03-09,86196,1396,0,65,0,0,2023-03-10 04:21:03,84800,65,0.0162,RUS
2023-03-09,3439248,48306,0,2404,11,0,2023-03-10 04:21:03,3390942,2393,0.014,RUS
2023-03-09,1142918,15476,0,354,0,0,2023-03-10 04:21:03,1127442,354,0.0135,RUS
2023-03-09,147748,3412,0,32,0,0,2023-03-10 04:21:03,144336,32,0.0231,RUS
2023-03-09,8423,104,0,1,0,0,2023-03-10 04:21:03,8319,1,0.0123,RUS
2023-03-09,512578,11843,0,335,2,0,2023-03-10 04:21:03,500735,333,0.0231,RUS
2023-03-09,46439,1280,0,14,0,0,2023-03-10 04:21:03,45159,14,0.0276,RUS
2023-03-09,118176,1071,0,48,0,0,2023-03-10 04:21:03,117105,48,0.0091,RUS
2023-03-09,314863,5758,0,109,0,0,2023-03-10 04:21:03,309105,109,0.0183,RUS
2023-03-09,237613,4623,0,180,1,0,2023-03-10 04:21:03,232990,179,0.0195,RUS
2023-03-09,137045,1981,0,79,0,0,2023-03-10 04:21:03,135064,79,0.0145,RUS
2023-03-09,243942,4030,0,95,0,0,2023-03-10 04:21:03,239912,95,0.0165,RUS
2023-03-09,227708,6235,0,122,2,0,2023-03-10 04:21:03,221473,120,0.0274,RUS
2023-03-09,464121,9262,0,92,1,0,2023-03-10 04:21:03,454859,91,0.02,RUS
2023-03-09,214604,1966,0,81,0,0,2023-03-10 04:21:03,212638,81,0.0092,RUS
2023-03-09,127429,1965,0,37,0,0,2023-03-10 04:21:03,125464,37,0.0154,RUS
2023-03-09,446218,11081,0,359,0,0,2023-03-10 04:21:03,435137,359,0.0248,RUS
2023-03-09,152902,3499,0,90,0,0,2023-03-10 04:21:03,149403,90,0.0229,RUS
2023-03-09,1889985,37204,0,1174,9,0,2023-03-10 04:21:03,1852781,1165,0.0197,RUS
2023-03-09,220267,2142,0,87,0,0,2023-03-10 04:21:03,218125,87,0.0097,RUS
2023-03-09,70212,834,0,20,0,0,2023-03-10 04:21:03,69378,20,0.0119,RUS
2023-03-09,519743,8235,0,564,0,0,2023-03-10 04:21:03,511508,564,0.0158,RUS
2023-03-09,313794,6001,0,199,0,0,2023-03-10 04:21:03,307793,199,0.0191,RUS
2023-03-09,147340,3196,0,23,1,0,2023-03-10 04:21:03,144144,22,0.0217,RUS
2023-03-09,252978,7128,0,269,0,0,2023-03-10 04:21:03,245850,269,0.0282,RUS
2023-03-09,582157,10936,0,290,0,0,2023-03-10 04:21:03,571221,290,0.0188,RUS
2023-03-09,140923,2530,0,99,0,0,2023-03-10 04:21:03,138393,99,0.018,RUS
2023-03-09,199811,2010,0,176,0,0,2023-03-10 04:21:03,197801,176,0.0101,RUS
2023-03-09,163415,983,0,115,0,0,2023-03-10 04:21:03,162432,115,0.006,RUS
2023-03-09,191150,5366,0,69,0,0,2023-03-10 04:21:03,185784,69,0.0281,RUS
2023-03-09,186301,2772,0,211,0,0,2023-03-10 04:21:03,183529,211,0.0149,RUS
2023-03-09,265894,4371,0,325,0,0,2023-03-10 04:21:03,261523,325,0.0164,RUS
2023-03-09,54106,358,0,11,0,0,2023-03-10 04:21:03,53748,11,0.0066,RUS
2023-03-09,241017,3977,0,110,0,0,2023-03-10 04:21:03,237040,110,0.0165,RUS
2023-03-09,229351,4820,0,40,0,0,2023-03-10 04:21:03,224531,40,0.021,RUS
2023-03-09,181641,3607,0,75,0,0,2023-03-10 04:21:03,178034,75,0.0199,RUS
2023-03-09,269046,6915,0,141,0,0,2023-03-10 04:21:03,262131,141,0.0257,RUS
2023-03-09,222415,3894,0,196,0,0,2023-03-10 04:21:03,218521,196,0.0175,RUS
2023-03-09,484179,8621,0,446,0,0,2023-03-10 04:21:03,475558,446,0.0178,RUS
2023-03-09,154098,1060,0,54,0,0,2023-03-10 04:21:03,153038,54,0.0069,RUS
2023-03-09,193517,2896,0,113,1,0,2023-03-10 04:21:03,190621,112,0.015,RUS
2023-03-09,193447,2379,0,61,0,0,2023-03-10 04:21:03,191068,61,0.0123,RUS
2023-03-09,133194,1468,0,0,0,0,2023-03-10 04:21:03,131726,0,0.011,RWA
2023-03-09,6597,47,0,0,0,0,2023-03-10 04:21:03,6550,0,0.0071,KNA
2023-03-09,30004,409,0,0,0,0,2023-03-10 04:21:03,29595,0,0.0136,LCA
2023-03-09,9589,123,0,0,0,0,2023-03-10 04:21:03,9466,0,0.0128,VCT
2023-03-09,16607,29,0,0,0,0,2023-03-10 04:21:03,16578,0,0.0017,WSM
2023-03-09,23616,122,0,0,0,0,2023-03-10 04:21:03,23494,0,0.0052,SMR
2023-03-09,6281,77,0,0,0,0,2023-03-10 04:21:03,6204,0,0.0123,STP
2023-03-09,830127,9618,0,83,0,0,2023-03-10 04:21:03,820509,83,0.0116,SAU
2023-03-09,88926,1971,0,0,0,0,2023-03-10 04:21:03,86955,0,0.0222,SEN
2023-03-09,2500142,17881,0,873,6,0,2023-03-10 04:21:03,2482261,867,0.0072,SRB
2023-03-09,50665,172,0,0,0,0,2023-03-10 04:21:03,50493,0,0.0034,SYC
2023-03-09,7760,126,0,0,0,0,2023-03-10 04:21:03,7634,0,0.0162,SLE
2023-03-09,2235294,1722,0,0,0,0,2023-03-10 04:21:03,2233572,0,0.0008,SGP
2023-03-09,2667551,21035,0,262,2,0,2023-03-10 04:21:03,2646516,260,0.0079,SVK
2023-03-09,1331707,7078,0,511,1,0,2023-03-10 04:21:03,1324629,510,0.0053,SVN
2023-03-09,24575,153,0,0,0,0,2023-03-10 04:21:03,24422,0,0.0062,SLB
2023-03-09,27324,1361,0,0,0,0,2023-03-10 04:21:03,25963,0,0.0498,SOM
2023-03-09,4067067,102595,0,426,0,0,2023-03-10 04:21:03,3964472,426,0.0252,ZAF
2023-03-09,18368,138,0,0,0,0,2023-03-10 04:21:03,18230,0,0.0075,SSD
2023-03-09,1633494,15575,0,0,0,0,2023-03-10 04:21:03,1617919,0,0.0095,ESP
2023-03-09,465284,5448,0,0,0,0,2023-03-10 04:21:03,459836,0,0.0117,ESP
2023-03-09,265836,3460,0,0,0,0,2023-03-10 04:21:03,262376,0,0.013,ESP
2023-03-09,315314,1628,0,0,0,0,2023-03-10 04:21:03,313686,0,0.0052,ESP
2023-03-09,1587186,10391,0,0,0,0,2023-03-10 04:21:03,1576795,0,0.0065,ESP
2023-03-09,465160,2270,0,0,0,0,2023-03-10 04:21:03,462890,0,0.0049,ESP
2023-03-09,162858,989,0,0,0,0,2023-03-10 04:21:03,161869,0,0.0061,ESP
2023-03-09,611185,8110,0,0,0,0,2023-03-10 04:21:03,603075,0,0.0133,ESP
2023-03-09,848587,9433,0,0,0,0,2023-03-10 04:21:03,839154,0,0.0111,ESP
2023-03-09,2682569,21125,0,0,0,0,2023-03-10 04:21:03,2661444,0,0.0079,ESP
2023-03-09,24701,194,0,0,0,0,2023-03-10 04:21:03,24507,0,0.0079,ESP
2023-03-09,310495,2719,0,0,0,0,2023-03-10 04:21:03,307776,0,0.0088,ESP
2023-03-09,752348,4070,0,0,0,0,2023-03-10 04:21:03,748278,0,0.0054,ESP
2023-03-09,111161,965,0,0,0,0,2023-03-10 04:21:03,110196,0,0.0087,ESP
2023-03-09,1989045,20608,0,0,0,0,2023-03-10 04:21:03,1968437,0,0.0104,ESP
2023-03-09,25460,170,0,0,0,0,2023-03-10 04:21:03,25290,0,0.0067,ESP
2023-03-09,465199,2545,0,0,0,0,2023-03-10 04:21:03,462654,0,0.0055,ESP
2023-03-09,258093,1762,0,0,0,0,2023-03-10 04:21:03,256331,0,0.0068,ESP
2023-03-09,796454,8017,0,0,0,0,2023-03-10 04:21:03,788437,0,0.0101,ESP
2023-03-09,0,0,0,0,0,0,2023-03-10 04:21:03,0,0,0.0,ESP
2023-03-09,672039,16830,0,2,0,0,2023-03-10 04:21:03,655209,2,0.025,LKA
2023-03-09,63829,5017,0,0,0,0,2023-03-10 04:21:03,58812,0,0.0786,SDN
2023-03-09,82467,1404,0,0,0,0,2023-03-10 04:21:03,81063,0,0.017,SUR
2023-03-09,32341,212,0,4,0,0,2023-03-10 04:21:03,32129,4,0.0066,SWE
2023-03-09,81036,663,0,15,0,0,2023-03-10 04:21:03,80373,15,0.0082,SWE
2023-03-09,76018,841,0,11,1,0,2023-03-10 04:21:03,75177,10,0.0111,SWE
2023-03-09,12356,101,0,3,0,0,2023-03-10 04:21:03,12255,3,0.0082,SWE
2023-03-09,113192,651,0,49,0,0,2023-03-10 04:21:03,112541,49,0.0058,SWE
2023-03-09,35377,225,0,8,0,0,2023-03-10 04:21:03,35152,8,0.0064,SWE
2023-03-09,92621,859,0,55,3,0,2023-03-10 04:21:03,91762,52,0.0093,SWE
2023-03-09,65694,455,0,16,3,0,2023-03-10 04:21:03,65239,13,0.0069,SWE
2023-03-09,54019,445,0,14,0,0,2023-03-10 04:21:03,53574,14,0.0082,SWE
2023-03-09,52095,557,0,23,3,0,2023-03-10 04:21:03,51538,20,0.0107,SWE
2023-03-09,104344,628,0,22,3,0,2023-03-10 04:21:03,103716,19,0.006,SWE
2023-03-09,101906,1031,0,58,4,0,2023-03-10 04:21:03,100875,54,0.0101,SWE
2023-03-09,357548,2996,0,107,4,0,2023-03-10 04:21:03,354552,103,0.0084,SWE
2023-03-09,71803,794,0,11,0,0,2023-03-10 04:21:03,71009,11,0.0111,SWE
2023-03-09,620000,6239,0,161,9,0,2023-03-10 04:21:03,613761,152,0.0101,SWE
2023-03-09,97754,823,0,47,1,0,2023-03-10 04:21:03,96931,46,0.0084,SWE
2023-03-09,73008,515,0,27,1,0,2023-03-10 04:21:03,72493,26,0.0071,SWE
2023-03-09,62564,464,0,33,0,0,2023-03-10 04:21:03,62100,33,0.0074,SWE
2023-03-09,58776,791,0,15,0,0,2023-03-10 04:21:03,57985,15,0.0135,SWE
2023-03-09,81139,642,0,14,3,0,2023-03-10 04:21:03,80497,11,0.0079,SWE
2023-03-09,455748,3845,0,111,11,0,2023-03-10 04:21:03,451903,100,0.0084,SWE
2023-03-09,4413911,14210,0,0,1,0,2023-03-10 04:21:03,4399701,-1,0.0032,CHE
2023-03-09,57467,3164,0,0,0,0,2023-03-10 04:21:03,54303,0,0.0551,SYR
2023-03-09,9970937,17672,0,0,0,0,2023-03-10 04:21:03,9953265,0,0.0018,TWN
2023-03-09,17786,125,0,0,0,0,2023-03-10 04:21:03,17661,0,0.007,TJK
2023-03-09,42906,846,0,0,0,0,2023-03-10 04:21:03,42060,0,0.0197,TZA
2023-03-09,4728182,33918,0,0,0,0,2023-03-10 04:21:03,4694264,0,0.0072,THA
2023-03-09,23419,138,0,0,0,0,2023-03-10 04:21:03,23281,0,0.0059,TLS
2023-03-09,39396,290,0,0,0,0,2023-03-10 04:21:03,39106,0,0.0074,TGO
2023-03-09,16810,13,0,0,0,0,2023-03-10 04:21:03,16797,0,0.0008,TON
2023-03-09,189918,4355,0,0,0,0,2023-03-10 04:21:03,185563,0,0.0229,TTO
2023-03-09,1151126,29341,0,0,0,0,2023-03-10 04:21:03,1121785,0,0.0255,TUN
2023-03-09,17042722,101492,0,0,0,0,2023-01-30 23:20:55,16941230,0,0.006,TUR
2023-03-09,2805,0,0,0,0,0,2023-03-10 04:21:03,2805,0,0.0,TUV
2023-03-09,1644533,21032,0,0,0,0,2023-03-10 04:21:03,1623501,0,0.0128,USA
2023-03-09,307655,1486,0,0,0,0,2023-03-10 04:21:03,306169,0,0.0048,USA
2023-03-09,8320,34,0,0,0,0,2023-03-10 04:21:03,8286,0,0.0041,USA
2023-03-09,2443514,33102,0,0,0,0,2023-03-10 04:21:03,2410412,0,0.0135,USA
2023-03-09,1006883,13020,0,261,5,0,2023-03-10 04:21:03,993863,256,0.0129,USA
2023-03-09,12129699,101159,0,19402,205,0,2023-03-10 04:21:03,12028540,19197,0.0083,USA
2023-03-09,1764401,14181,0,0,0,0,2023-03-10 04:21:03,1750220,0,0.008,USA
2023-03-09,976657,12220,0,163,24,0,2023-03-10 04:21:03,964437,139,0.0125,USA
2023-03-09,330793,3324,0,0,0,0,2023-03-10 04:21:03,327469,0,0.01,USA
2023-03-09,49,0,0,0,0,0,2020-08-04 02:27:56,49,0,0.0,USA
2023-03-09,177945,1432,0,231,2,0,2023-03-10 04:21:03,176513,229,0.008,USA
2023-03-09,7574590,86850,0,0,0,0,2023-03-10 04:21:03,7487740,0,0.0115,USA
2023-03-09,3068208,42489,0,0,0,0,2023-03-10 04:21:03,3025719,0,0.0138,USA
2023-03-09,103,3,0,0,0,0,2020-08-04 02:27:56,100,0,0.0291,USA
2023-03-09,61027,420,0,8,0,0,2023-03-10 04:21:03,60607,8,0.0069,USA
2023-03-09,380608,1841,0,0,0,0,2023-03-10 04:21:03,378767,0,0.0048,USA
2023-03-09,521120,5416,0,0,0,0,2023-03-10 04:21:03,515704,0,0.0104,USA
2023-03-09,4083292,41496,0,10320,53,0,2023-03-10 04:21:03,4041796,10267,0.0102,USA
2023-03-09,2051104,26115,0,0,0,0,2023-03-10 04:21:03,2024989,0,0.0127,USA
2023-03-09,903991,10725,0,0,0,0,2023-03-10 04:21:03,893266,0,0.0119,USA
2023-03-09,938184,10066,0,0,0,0,2023-03-10 04:21:03,928118,0,0.0107,USA
2023-03-09,1718471,18130,0,0,0,0,2023-03-10 04:21:03,1700341,0,0.0106,USA
2023-03-09,1573810,18766,0,0,0,0,2023-03-10 04:21:03,1555044,0,0.0119,USA
2023-03-09,318130,2928,0,0,0,0,2023-03-10 04:21:03,315202,0,0.0092,USA
2023-03-09,1365297,16544,0,431,9,0,2023-03-10 04:21:03,1348753,422,0.0121,USA
2023-03-09,2224337,24333,0,3375,84,0,2023-03-10 04:21:03,2200004,3291,0.0109,USA
2023-03-09,3064125,42205,0,0,0,0,2023-03-10 04:21:03,3021920,0,0.0138,USA
2023-03-09,1778866,14870,0,3602,50,0,2023-03-10 04:21:03,1763996,3552,0.0084,USA
2023-03-09,990756,13370,0,0,0,0,2023-03-10 04:21:03,977386,0,0.0135,USA
2023-03-09,1777380,22870,0,120,1,0,2023-03-10 04:21:03,1754510,119,0.0129,USA
2023-03-09,329386,3652,0,0,0,0,2023-03-10 04:21:03,325734,0,0.0111,USA
2023-03-09,567426,4936,0,1502,21,0,2023-03-10 04:21:03,562490,1481,0.0087,USA
2023-03-09,890122,11922,0,0,0,0,2023-03-10 04:21:03,878200,0,0.0134,USA
2023-03-09,378428,3003,0,314,3,0,2023-03-10 04:21:03,375425,311,0.0079,USA
2023-03-09,3048984,36015,0,773,5,0,2023-03-10 04:21:03,3012969,768,0.0118,USA
2023-03-09,670929,9061,0,241,2,0,2023-03-10 04:21:03,661868,239,0.0135,USA
2023-03-09,6794738,77157,0,1368,5,0,2023-03-10 04:21:03,6717581,1363,0.0114,USA
2023-03-09,3472644,28432,0,0,0,0,2023-03-10 04:21:03,3444212,0,0.0082,USA
2023-03-09,286950,2470,0,0,5,0,2023-03-10 04:21:03,284480,-5,0.0086,USA
2023-03-09,13666,41,0,0,0,0,2023-03-10 04:21:03,13625,0,0.003,USA
2023-03-09,3400652,41796,0,8332,47,0,2023-03-10 04:21:03,3358856,8285,0.0123,USA
2023-03-09,1290929,17972,0,3551,32,0,2023-03-10 04:21:03,1272957,3519,0.0139,USA
2023-03-09,963564,9373,0,0,0,0,2023-03-10 04:21:03,954191,0,0.0097,USA
2023-03-09,3527854,50398,0,0,0,0,2023-03-10 04:21:03,3477456,0,0.0143,USA
2023-03-09,1101469,5823,0,442,3,0,2023-03-10 04:21:03,1095646,439,0.0053,USA
2023-03-09,0,0,0,0,0,0,2023-03-10 04:21:03,0,0,0.0,USA
2023-03-09,460697,3870,0,652,5,0,2023-03-10 04:21:03,456827,647,0.0084,USA
2023-03-09,1836568,19600,0,0,0,0,2023-03-10 04:21:03,1816968,0,0.0107,USA
2023-03-09,279130,3190,0,0,0,0,2023-03-10 04:21:03,275940,0,0.0114,USA
2023-03-09,2515130,29263,0,0,0,0,2023-03-10 04:21:03,2485867,0,0.0116,USA
2023-03-09,8466220,93390,0,295,7,0,2023-03-10 04:21:03,8372830,288,0.011,USA
2023-03-09,1090346,5298,0,1493,11,0,2023-03-10 04:21:03,1085048,1482,0.0049,USA
2023-03-09,152618,929,0,0,0,0,2023-03-10 04:21:03,151689,0,0.0061,USA
2023-03-09,24813,130,0,15,0,0,2023-03-10 04:21:03,24683,15,0.0052,USA
2023-03-09,2291951,23666,0,0,0,0,2023-03-10 04:21:03,2268285,0,0.0103,USA
2023-03-09,1928913,15683,0,0,0,0,2023-03-10 04:21:03,1913230,0,0.0081,USA
2023-03-09,642760,7960,0,0,0,0,2023-03-10 04:21:03,634800,0,0.0124,USA
2023-03-09,2006582,16375,0,708,11,0,2023-03-10 04:21:03,1990207,697,0.0082,USA
2023-03-09,185385,2004,0,0,0,0,2023-03-10 04:21:03,183381,0,0.0108,USA
2023-03-09,170544,3630,0,0,0,0,2023-03-10 04:21:03,166914,0,0.0213,UGA
2023-03-09,163768,2973,0,0,0,0,2023-03-10 04:21:03,160795,0,0.0182,UKR
2023-03-09,126202,2751,0,0,0,0,2023-03-10 04:21:03,123451,0,0.0218,UKR
2023-03-09,150465,3290,0,0,0,0,2023-03-10 04:21:03,147175,0,0.0219,UKR
2023-03-09,212928,5423,0,56,0,0,2023-03-10 04:21:03,207505,56,0.0255,UKR
2023-03-09,303551,9454,0,0,0,0,2023-03-10 04:21:03,294097,0,0.0311,UKR
2023-03-09,216052,5607,0,0,0,0,2023-03-10 04:21:03,210445,0,0.026,UKR
2023-03-09,181629,3476,0,0,0,0,2023-03-10 04:21:03,178153,0,0.0191,UKR
2023-03-09,305661,6858,0,0,0,0,2023-03-10 04:21:03,298803,0,0.0224,UKR
2023-03-09,107686,2881,0,0,0,0,2023-03-10 04:21:03,104805,0,0.0268,UKR
2023-03-09,201270,3703,0,0,0,0,2023-03-10 04:21:03,197567,0,0.0184,UKR
2023-03-09,445098,8966,0,0,0,0,2023-03-10 04:21:03,436132,0,0.0201,UKR
2023-03-09,226220,5019,0,0,0,0,2023-03-10 04:21:03,221201,0,0.0222,UKR
2023-03-09,45117,1741,0,0,0,0,2023-03-10 04:21:03,43376,0,0.0386,UKR
2023-03-09,80033,2392,0,0,0,0,2023-03-10 04:21:03,77641,0,0.0299,UKR
2023-03-09,303357,6569,0,0,0,0,2023-03-10 04:21:03,296788,0,0.0217,UKR
2023-03-09,146174,3530,0,0,0,0,2023-03-10 04:21:03,142644,0,0.0241,UKR
2023-03-09,325462,5917,0,0,0,0,2023-03-10 04:21:03,319545,0,0.0182,UKR
2023-03-09,179994,4181,0,0,0,0,2023-03-10 04:21:03,175813,0,0.0232,UKR
2023-03-09,171031,2530,0,0,0,0,2023-03-10 04:21:03,168501,0,0.0148,UKR
2023-03-09,99770,2562,0,55,2,0,2023-03-10 04:21:03,97208,53,0.0257,UKR
2023-03-09,182268,3208,0,0,0,0,2023-03-10 04:21:03,179060,0,0.0176,UKR
2023-03-09,146363,2391,0,0,0,0,2023-03-10 04:21:03,143972,0,0.0163,UKR
2023-03-09,589607,5793,0,0,0,0,2023-03-10 04:21:03,583814,0,0.0098,UKR
2023-03-09,149845,3546,0,0,0,0,2023-03-10 04:21:03,146299,0,0.0237,UKR
2023-03-09,132045,2394,0,0,0,0,2023-03-10 04:21:03,129651,0,0.0181,UKR
2023-03-09,112462,2724,0,0,0,0,2023-03-10 04:21:03,109738,0,0.0242,UKR
2023-03-09,215070,5866,0,0,0,0,2023-03-10 04:21:03,209204,0,0.0273,UKR
2023-03-09,192801,3538,0,0,0,0,2023-03-10 04:21:03,189263,0,0.0184,UKR
2023-03-09,1053213,2349,0,145,0,0,2023-03-10 04:21:03,1050864,145,0.0022,ARE
2023-03-09,3904,12,0,0,0,0,2023-03-10 04:21:03,3892,0,0.0031,GBR
2023-03-09,18828,160,0,0,0,0,2023-03-10 04:21:03,18668,0,0.0085,GBR
2023-03-09,7305,64,0,0,0,0,2023-03-10 04:21:03,7241,0,0.0088,GBR
2023-03-09,31472,37,0,0,0,0,2023-03-10 04:21:03,31435,0,0.0012,GBR
2023-03-09,0,0,0,0,0,0,2023-03-10 04:21:03,0,0,0.0,GBR
2023-03-09,20656177,186138,0,26285,431,0,2023-03-10 04:21:03,20470039,25854,0.009,GBR
2023-03-09,1930,0,0,0,0,0,2023-03-10 04:21:03,1930,0,0.0,GBR
2023-03-09,20433,111,0,0,0,0,2023-03-10 04:21:03,20322,0,0.0054,GBR
2023-03-09,34991,66,0,0,0,0,2023-03-10 04:21:03,34925,0,0.0019,GBR
2023-03-09,38008,116,0,0,0,0,2023-03-10 04:21:03,37892,0,0.0031,GBR
2023-03-09,66391,161,0,0,0,0,2023-03-10 04:21:03,66230,0,0.0024,GBR
2023-03-09,1403,8,0,0,0,0,2023-03-10 04:21:03,1395,0,0.0057,GBR
2023-03-09,713294,5166,0,0,13,0,2023-03-10 04:21:03,708128,-13,0.0072,GBR
2023-03-09,4,0,0,0,0,0,2023-03-10 04:21:03,4,0,0.0,GBR
2023-03-09,2166,0,0,0,0,0,2023-03-10 04:21:03,2166,0,0.0,GBR
2023-03-09,2157720,16806,0,1917,42,0,2023-03-10 04:21:03,2140914,1875,0.0078,GBR
2023-03-09,6561,38,0,4,0,0,2023-03-10 04:21:03,6523,4,0.0058,GBR
2023-03-09,0,338,0,0,-1,0,2023-03-10 04:21:03,-338,1,0.0,GBR
2023-03-09,898118,11500,0,577,14,0,2023-03-10 04:21:03,886618,563,0.0128,GBR
2023-03-09,1034303,7617,0,0,0,0,2023-03-10 04:21:03,1026686,0,0.0074,URY
2023-03-09,251247,1637,0,0,0,0,2023-03-10 04:21:03,249610,0,0.0065,UZB
2023-03-09,12014,14,0,0,0,0,2023-03-10 04:21:03,12000,0,0.0012,VUT
2023-03-09,552162,5854,0,5,0,0,2023-03-10 04:21:03,546308,5,0.0106,VEN
2023-03-09,11526994,43186,0,0,0,0,2023-03-10 04:21:03,11483808,0,0.0037,VNM
2023-03-09,703228,5708,0,0,0,0,2023-03-10 04:21:03,697520,0,0.0081,PSE
2023-03-09,11945,2159,0,0,0,0,2023-03-10 04:21:03,9786,0,0.1807,YEM
2023-03-09,343135,4057,0,0,0,0,2023-03-10 04:21:03,339078,0,0.0118,ZMB
2023-03-09,264276,5671,0,0,0,0,2023-03-10 04:21:03,258605,0,0.0215,ZWE
